{
  "project_info": {
    "project_number": "691393569252",
    "project_id": "parkfast-f3918",
    "storage_bucket": "parkfast-f3918.appspot.com"
  },
  "client": [
    {
      "client_info": {
        "mobilesdk_app_id": "1:691393569252:android:2cdea79f2b1dffdf6c27f1",
        "android_client_info": {
          "package_name": "com.example.parkfast"
        }
      },
      "oauth_client": [
        {
          "client_id": "691393569252-jvuohp01gtnj4jc7hro79c3gnrsfjure.apps.googleusercontent.com",
          "client_type": 1,
          "android_info": {
            "package_name": "com.example.parkfast",
            "certificate_hash": "e3735f0dc2b2f9c8fb8a81d61726297b47e17aef"
          }
        },
        {
          "client_id": "691393569252-14j7eaendsonmtmvlvuhabnfpg59tsf2.apps.googleusercontent.com",
          "client_type": 3
        }
      ],
      "api_key": [
        {
          "current_key": "AIzaSyBE0X4rDedwsSB5ZUIlgg8gRIeKicx-ucQ"
        }
      ],
      "services": {
        "appinvite_service": {
          "other_platform_oauth_client": [
            {
              "client_id": "691393569252-14j7eaendsonmtmvlvuhabnfpg59tsf2.apps.googleusercontent.com",
              "client_type": 3
            }
          ]
        }
      }
    }
  ],
  "configuration_version": "1"
}